Position.1.in.non.aligned.Sequence,Nucleotide.1.in.non.aligned.Sequence,Position.2.in.non.aligned.Sequence,Nucleotide.2.in.non.aligned.Sequence,Distance,Mean.E.value,Position.nt.pair.composition,MSA1_3515seq_S1,MSA1_3515seq_S2,MSA2_3515seq_S1,MSA2_3515seq_S2,MSA3_137seq_S1,MSA3_137seq_S2,MSA4_559seq_S1,MSA4_559seq_S2
19830,A,19923,T,93,0.0315,A--T (94.22);  G--C (5.72);  A--C (0.06),YES,,YES,,,,,
19818,A,19857,T,39,0.016,A--T (94.05);  G--C (5.69);  T--T (0.17);  G--T (0.06);  C--T (0.03),YES,YES,YES,YES,,,,
10711,T,10720,A,9,0.032,T--A (99.17);  C--G (0.83),YES,YES,YES,YES,,,YES,YES
27415,G,27453,C,38,0.0395,G--C (94.34);  A--T (5.63);  G--T (0.03),YES,,YES,,,,,
3757,T,3779,A,22,0.0352,T--A (94.52);  G--C (5.48),YES,,,,,,,
22928,T,22948,A,20,0.002,T--A (95.03);  C--G (4.82);  G--C (0.09);  C--A (0.06),YES,YES,,,,,,
26891,A,26897,T,6,0.0437,A--T (94.25);  T--G (4.98);  T--A (0.68);  T--T (0.06);  G--C (0.03),YES,,YES,,,,,
29635,C,29651,G,16,0.0268,C--G (94.15);  A--T (5.65);  T--A (0.12);  T--G (0.09),YES,YES,YES,YES,,,,
29637,T,29649,A,12,0.0222,T--A (94.26);  C--G (5.71);  C--T (0.03),YES,YES,,YES,,,,
28507,C,28727,G,220,0.0222,C--G (94.05);  T--A (5.86);  C--T (0.09),YES,YES,YES,YES,,,YES,YES
10651,T,10669,A,18,0.0036,T--A (94.54);  C--G (5.46),YES,YES,YES,YES,,,YES,YES
28508,A,28934,T,426,0.0091,A--T (94.25);  G--C (5.69);  T--T (0.06),YES,YES,YES,YES,,,,
14778,T,14820,A,42,0.0248,T--A (94.22);  C--G (5.72);  C--T (0.06),YES,YES,YES,YES,,,,
26442,T,27023,A,581,0.0127,T--A (94.34);  C--G (5.66),YES,YES,YES,YES,,,,
15435,A,15453,T,18,0.0263,A--T (94.28);  G--C (5.72),YES,YES,,YES,,,YES,YES
4995,T,9548,A,4553,0.0222,T--A (94.34);  C--G (5.63);  C--A (0.03),YES,,YES,,,,,
11330,G,11398,T,68,0.0327,G--T (94.22);  T--G (5.63);  A--A (0.11);  C--G (0.03),YES,YES,YES,YES,,,,
26515,T,27023,A,508,0.0017,T--A (94.34);  C--G (5.63);  T--G (0.03),,YES,,YES,,,,
6034,A,6055,T,21,0.0139,A--T (94.74);  G--C (5.26),,YES,,YES,,,,
4103,A,4995,T,892,0.0235,A--T (94.34);  G--C (5.66),,YES,,YES,,,,YES
4103,A,4138,T,35,0.0235,A--T (94.34);  G--C (5.66),,YES,,YES,,,,YES
2116,T,5671,A,3555,0.0321,T--A (94.31);  G--T (4.84);  A--T (0.83);  A--C (0.03),,YES,,YES,,,,
29395,G,29518,C,123,0.0306,G--C (94.05);  A--T (5.92);  G--T (0.03),,YES,,,,,,
11854,A,12280,T,426,0.0067,A--T (94.2);  T--A (5.43);  T--G (0.28);  C--A (0.06);  T--C (0.03),,YES,,YES,,,,
11830,A,12280,T,450,0.0078,A--T (94.17);  T--A (5.49);  T--G (0.23);  G--G (0.06);  G--T (0.03);  T--C (0.03),,YES,,YES,,,,
28945,T,28975,G,30,0.0137,T--G (94.11);  A--T (5.75);  A--A (0.06);  T--T (0.06);  T--C (0.03),,YES,,,,,,
17121,A,17136,T,15,0.0134,A--T (94.17);  T--A (5.46);  T--G (0.23);  G--A (0.09);  A--G (0.03);  C--A (0.03),,YES,,YES,,,,
189,G,217,C,28,0.0301,G--C (94.35);  A--T (5.65),,,YES,,,,,
10334,G,10756,T,422,0.0427,G--T (94.31);  T--A (5.6);  G--C (0.03);  T--G (0.03);  T--T (0.03),,,YES,,,,,
17376,A,17415,T,39,0.0474,A--T (94.11);  T--A (5.66);  C--A (0.2);  G--T (0.03),,,YES,,,,,
13614,A,13704,T,90,0.0082,A--T (95.62);  G--C (4.38),,,,,YES,YES,,
16206,G,16260,C,54,1e-04,G--C (96.35);  A--T (3.65),,,,,YES,YES,,
25150,T,25192,A,42,0.0018,T--A (94.89);  A--T (3.65);  G--C (1.46),,,,,YES,YES,,
24749,T,24780,A,31,0.0092,T--A (97.08);  C--G (2.92),,,,,YES,,,
21114,C,21138,G,24,0.0028,C--G (98.54);  T--A (1.46),,,,,YES,,,
21132,A,21201,T,69,0.0019,A--T (97.08);  G--C (2.92),,,,,YES,,,
11299,G,11407,C,108,1e-04,G--C (97.81);  A--T (2.19),,,,,YES,,YES,
9121,A,9151,T,30,0.0142,A--T (94.89);  T--A (5.11),,,,,YES,,,
19800,G,19875,C,75,0.0319,G--C (97.81);  A--T (2.19),,,,,YES,,,
19824,G,19875,C,51,0.0282,G--C (97.81);  A--T (2.19),,,,,YES,,,
28879,T,28951,A,72,0.0213,T--A (97.81);  C--G (2.19),,,,,YES,YES,,
1027,T,1250,A,223,0.0332,T--A (96.35);  C--G (2.92);  A--T (0.73),,,,,YES,YES,,
12629,T,12658,A,29,0.016,T--A (97.81);  C--G (2.19),,,,,YES,YES,,
18939,T,18958,G,19,0.0118,T--G (97.08);  A--T (2.92),,,,,YES,YES,,
12595,A,12629,T,34,0.005,A--T (97.81);  G--C (2.19),,,,,YES,YES,,
20463,A,20520,T,57,0.0219,A--T (97.81);  G--C (2.19),,,,,YES,YES,,
16467,A,16530,T,63,0.0116,A--T (95.62);  T--A (2.92);  C--G (0.73);  G--T (0.73),,,,,YES,YES,,
8224,A,8242,T,18,0.0082,A--T (97.08);  G--C (2.92),,,,,YES,YES,,
3412,T,3427,A,15,0.0193,T--A (96.35);  G--C (2.19);  A--T (1.46),,,,,YES,YES,,
5614,T,5618,A,4,0.0124,T--A (98.54);  C--G (1.46),,,,,YES,YES,,
3496,G,3511,C,15,0.0125,G--C (97.81);  A--T (2.19),,,,,YES,YES,,YES
12025,C,12031,G,6,4e-04,C--G (97.81);  T--A (2.19),,,,,YES,YES,YES,YES
11971,A,12017,T,46,0,A--T (97.81);  G--C (2.19),,,,,YES,YES,,
19476,A,19533,T,57,0.0203,A--T (97.08);  G--C (2.92),,,,,YES,YES,,
2856,T,2903,A,47,0.0234,T--A (94.89);  C--G (5.11),,,,,YES,,,
2395,C,2407,G,12,0.0243,C--G (97.08);  T--A (2.92),,,,,YES,YES,,
8251,C,8264,G,13,0.0364,C--G (97.81);  T--A (2.19),,,,,YES,YES,,
2656,A,2698,T,42,0.0268,A--T (97.81);  G--C (2.19),,,,,YES,,,
15882,T,16032,A,150,0.0351,T--A (96.35);  A--T (3.65),,,,,YES,,,
10138,C,10324,G,186,0.0267,C--G (95.62);  T--A (4.38),,,,,YES,YES,,
16581,A,16599,T,18,0.0404,A--T (94.89);  T--A (5.11),,,,,YES,YES,,YES
17772,T,17829,A,57,0.0207,T--A (95.62);  C--G (4.38),,,,,YES,,YES,YES
4501,A,4660,T,159,0.0327,A--T (97.81);  G--C (2.19),,,,,YES,,,
28495,T,28508,A,13,0.0167,T--A (96.35);  C--G (3.65),,,,,YES,YES,YES,YES
11971,A,12181,T,210,0.0027,A--T (97.81);  G--C (2.19),,,,,YES,YES,,
14256,A,14301,T,45,0.0093,A--T (97.81);  G--C (2.19),,,,,YES,YES,,YES
19824,G,19884,C,60,0.036,G--C (97.81);  A--T (2.19),,,,,YES,,,
5284,C,5539,G,255,0.0106,C--G (94.89);  T--A (5.11),,,,,YES,YES,,
5296,C,5539,G,243,0.0106,C--G (94.89);  T--A (5.11),,,,,YES,YES,,
12385,G,12697,T,312,0.0443,G--T (94.89);  T--G (5.11),,,,,YES,,,
12649,A,12697,T,48,0.0443,A--T (94.89);  T--G (5.11),,,,,YES,YES,,
16992,A,17407,T,415,0.0199,A--T (95.62);  G--C (4.38),,,,,YES,YES,,
17409,A,17415,T,6,0.028,A--T (96.35);  T--A (3.65),,,,,YES,YES,,
19074,T,19098,A,24,0.0158,T--A (94.16);  A--T (3.65);  T--G (1.46);  G--C (0.73),,,,,YES,YES,,
26528,A,26540,T,12,0.0193,A--T (96.35);  T--G (3.65),,,,,YES,YES,,
28459,A,28934,T,475,0.01,A--T (96.35);  G--C (3.65),,,,,YES,,,
15711,A,15754,T,43,0,A--T (94.89);  T--G (5.11),,,,,YES,,,
15711,A,15737,T,26,0,A--T (94.89);  T--A (5.11),,,,,YES,,,
24247,A,24274,T,27,0.0285,A--T (97.81);  G--C (2.19),,,,,YES,YES,,
12005,C,12031,G,26,0.0011,C--G (97.81);  T--A (2.19),,,,,YES,,,
11299,G,12025,C,726,0.0011,G--C (97.81);  A--T (2.19),,,,,YES,YES,,
11299,G,12005,C,706,0.0011,G--C (97.81);  A--T (2.19),,,,,YES,,,
18177,T,18195,A,18,0.0229,T--A (94.16);  A--T (5.11);  C--G (0.73),,,,,YES,YES,,YES
7558,A,8278,T,720,0.0196,A--T (95.62);  G--C (4.38),,,,,YES,YES,,
7558,A,8269,T,711,0.0196,A--T (95.62);  G--C (4.38),,,,,YES,YES,,
13599,T,13623,A,24,0.0082,T--A (96.35);  C--G (3.65),,,,,YES,,,
8825,A,9991,T,1166,0.0125,A--T (95.62);  G--C (4.38),,,,,YES,YES,,
15382,T,15423,A,41,0.01,T--A (97.81);  C--G (2.19),,,,,YES,YES,,
5968,G,7279,C,1311,5e-04,G--C (94.89);  A--T (5.11),,,,,YES,YES,,
13362,A,14778,T,1416,0.0052,A--T (94.89);  G--C (5.11),,,,,YES,YES,,
10603,A,10654,T,51,0.0302,A--T (95.62);  T--A (3.65);  G--C (0.73),,,,,YES,,,
10027,A,10087,T,60,0.0145,A--T (94.89);  G--C (5.11),,,,,YES,YES,,
14409,T,14439,A,30,0.0105,T--A (97.81);  A--T (2.19),,,,,YES,,,YES
10102,T,10780,A,678,0.0358,T--A (95.62);  C--G (4.38),,,,,,YES,,
8887,A,8896,T,9,0.0271,A--T (95.62);  G--C (4.38),,,,,,YES,,
4801,A,4849,T,48,0.0463,A--T (97.81);  G--C (2.19),,,,,,YES,,
11824,C,12031,G,207,3e-04,C--G (97.81);  T--A (2.19),,,,,,YES,,
11884,C,12031,G,147,5e-04,C--G (97.81);  T--A (2.19),,,,,,YES,,YES
25965,A,26025,T,60,0.0048,A--T (95.62);  G--C (4.38),,,,,,YES,,
25965,A,26007,T,42,0.0048,A--T (95.62);  G--C (4.38),,,,,,YES,,YES
10450,C,10465,G,15,0.0239,C--G (95.62);  T--A (4.38),,,,,,YES,,
18147,A,18876,T,729,0.0344,A--T (97.08);  G--C (2.92),,,,,,YES,,
11917,A,12313,T,396,0,A--T (95.62);  T--A (4.38),,,,,,YES,,YES
10510,A,10606,T,96,0.001,A--T (95.62);  T--A (4.38),,,,,,YES,,
2784,A,3721,T,937,0.0458,A--T (96.35);  G--C (3.65),,,,,,YES,,
13944,C,14335,G,391,0.0439,C--G (94.89);  T--A (5.11),,,,,,YES,,
28220,A,28245,T,25,4e-04,A--T (97.04);  G--C (2.96),,,,,,YES,,
3496,G,3510,C,14,0.0217,G--C (97.81);  A--T (2.19),,,,,,YES,,
3118,T,3625,A,507,0.0309,T--A (95.62);  A--T (4.38),,,,,,YES,,
22375,A,22417,T,42,0.0368,A--T (97.08);  G--C (2.19);  T--A (0.73),,,,,,YES,,
20394,T,20400,A,6,0.0185,T--A (95.62);  A--T (4.38),,,,,,YES,,
16038,T,16107,A,69,0.0314,T--A (96.35);  C--G (3.65),,,,,,YES,,
18600,A,21045,T,2445,0.0342,A--T (97.08);  G--C (2.92),,,,,,YES,,
9055,A,9070,T,15,0.0402,A--T (95.62);  G--C (4.38),,,,,,YES,YES,YES
16497,A,16599,T,102,0.0203,A--T (94.89);  T--A (5.11),,,,,,YES,,
28181,T,28211,A,30,0.008,T--A (96.3);  A--T (2.96);  C--G (0.74),,,,,,YES,,
28188,G,28205,C,17,8e-04,G--C (96.3);  A--T (3.7),,,,,,YES,,
20523,T,20532,A,9,0.027,T--A (96.35);  C--G (3.65),,,,,,YES,,
7789,T,7795,A,6,0.0451,T--A (98.54);  C--G (1.46),,,,,,YES,,
16062,T,16095,A,33,0.0123,T--A (99.46);  C--G (0.54),,,,,,,YES,YES
17244,A,17253,T,9,0.0104,A--T (96.06);  G--C (3.94),,,,,,,YES,YES
4881,G,4900,C,19,0.0314,G--C (95.71);  A--T (4.11);  T--T (0.18),,,,,,,YES,YES
14862,A,14868,T,6,0.012,A--T (99.46);  G--C (0.54),,,,,,,YES,
16140,A,16185,T,45,0.0361,A--T (97.14);  G--C (2.86),,,,,,,YES,YES
16677,G,16716,C,39,0.0126,G--C (98.93);  A--T (1.07),,,,,,,YES,YES
1951,A,2038,T,87,0.0117,A--T (95.89);  G--C (3.94);  T--A (0.18),,,,,,,YES,YES
4501,A,4634,T,133,0.0106,A--T (99.28);  G--C (0.72),,,,,,,YES,YES
4528,A,4639,T,111,0.0141,A--T (99.28);  G--C (0.72),,,,,,,YES,YES
7807,A,7814,T,7,0.0138,A--T (95.53);  G--C (4.47),,,,,,,YES,YES
17487,A,17589,T,102,0.023,A--T (99.28);  T--A (0.72),,,,,,,YES,YES
6193,A,6304,T,111,0.005,A--T (99.64);  C--G (0.18);  G--C (0.18),,,,,,,YES,YES
17112,T,17244,A,132,0.0204,T--A (96.06);  C--G (3.94),,,,,,,YES,YES
5084,A,5182,T,98,0.0412,A--T (99.46);  G--C (0.54),,,,,,,YES,
5065,T,5084,A,19,0.0116,T--A (99.46);  C--G (0.54),,,,,,,YES,
6118,T,6319,A,201,0.0159,T--A (99.46);  C--G (0.36);  A--T (0.18),,,,,,,YES,YES
14010,A,14059,T,49,0.034,A--T (99.28);  G--C (0.72),,,,,,,YES,YES
14010,A,14043,T,33,0.034,A--T (99.28);  G--C (0.72),,,,,,,YES,YES
11737,T,11782,A,45,0.0222,T--A (95.53);  C--G (4.47),,,,,,,YES,YES
15333,A,15399,T,66,0.0173,A--T (96.06);  G--C (3.94),,,,,,,YES,
8959,A,9001,T,42,0.0301,A--T (99.64);  G--C (0.18);  T--A (0.18),,,,,,,YES,
11821,T,12271,A,450,0.0095,T--A (99.46);  C--G (0.54),,,,,,,YES,YES
5974,C,6094,G,120,0.0486,C--G (95.53);  T--A (4.47),,,,,,,YES,
9439,A,9952,T,513,0.0076,A--T (95.53);  T--A (4.47),,,,,,,YES,
24253,A,24327,T,74,0.0159,A--T (95.71);  T--A (4.29),,,,,,,YES,
28365,A,28934,T,569,0.014,A--T (95.71);  G--C (4.29),,,,,,,YES,
7546,T,8257,A,711,0.0431,T--A (99.64);  C--G (0.36),,,,,,,YES,
1600,T,1629,A,29,0.0285,T--A (95.89);  C--G (3.94);  ---A (0.18),,,,,,,YES,YES
3755,G,3768,C,13,0.0436,G--C (99.28);  A--T (0.72),,,,,,,YES,YES
5485,T,5503,A,18,0.0486,T--A (99.46);  C--G (0.54),,,,,,,YES,YES
4528,A,4537,T,9,0.0045,A--T (99.28);  G--C (0.72),,,,,,,YES,YES
15372,G,15480,C,108,0.0131,G--C (95.17);  T--A (4.65);  C--T (0.18),,,,,,,YES,
9106,T,9121,A,15,0.0195,T--A (95.53);  G--T (4.29);  A--C (0.18),,,,,,,YES,
16023,T,16032,A,9,0.0103,T--A (95.35);  A--T (4.47);  C--A (0.18),,,,,,,YES,YES
20298,A,20385,T,87,0.0345,A--T (95.53);  G--C (4.47),,,,,,,YES,
1813,T,1845,A,32,0.0249,T--A (95.89);  C--G (3.94);  A--G (0.18),,,,,,,,YES
11881,A,12145,T,264,0.044,A--T (95.71);  G--C (4.11);  T--T (0.18),,,,,,,,YES
11383,G,11812,C,429,0.0142,G--C (95.17);  A--T (4.47);  G--A (0.36),,,,,,,,YES
7816,T,8197,A,381,0.0231,T--A (95.53);  A--T (2.33);  G--C (2.15),,,,,,,,YES
4528,A,4536,T,8,0,A--T (99.28);  G--C (0.72),,,,,,,,YES
1825,C,1895,G,70,0.0377,C--G (95.53);  T--A (4.47),,,,,,,,YES
5891,A,7474,T,1583,0.0176,A--T (99.64);  G--C (0.36),,,,,,,,YES
20475,A,20505,T,30,0.0226,A--T (99.64);  G--C (0.18);  T--A (0.18),,,,,,,,YES
20353,T,20388,A,35,0.039,T--A (95.71);  C--G (4.29),,,,,,,,YES
14224,A,14251,T,27,0.0326,A--T (95.89);  G--C (4.11),,,,,,,,YES
