Position.1.in.non.aligned.Sequence,Nucleotide.1.in.non.aligned.Sequence,Position.2.in.non.aligned.Sequence,Nucleotide.2.in.non.aligned.Sequence,Distance,Mean.E.value,Position.nt.pair.composition,MSA1_3515seq_S2,MSA1_3515seq_S4,MSA2_3515seq_S2,MSA2_3515seq_S4,MSA3_137seq_S2,MSA3_137seq_S4,MSA4_559seq_S2,MSA4_559seq_S4
22928,T,22948,A,20,0.0247,T--A (95.11);  C--G (4.74);  G--C (0.09);  C--A (0.06),YES,YES,,,,,,
28508,A,28934,T,426,0.0131,A--T (94.25);  G--C (5.69);  T--T (0.06),YES,YES,YES,YES,YES,,,
29637,T,29649,A,12,0.0087,T--A (94.27);  C--G (5.7);  C--T (0.03),YES,YES,YES,YES,,,YES,
26515,T,27023,A,508,0.0086,T--A (94.34);  C--G (5.63);  T--G (0.03),YES,YES,YES,YES,,,,
28507,C,28727,G,220,0.0316,C--G (94.05);  T--A (5.86);  C--T (0.09),YES,YES,YES,YES,,,YES,YES
29395,G,29518,C,123,0.0163,G--C (94.05);  A--T (5.92);  G--T (0.03),YES,YES,YES,YES,,,,
27354,A,27699,T,345,0.0179,A--T (94.22);  G--C (5.78),YES,,,,,,,
29635,C,29651,G,16,0.0177,C--G (93.36);  A--T (6.56);  T--G (0.08),YES,YES,YES,YES,,,YES,
26690,G,26750,C,60,0.0123,G--C (94.11);  C--G (5.58);  A--T (0.09);  T--G (0.09);  T--T (0.06);  A--C (0.03);  G--T (0.03);  T--C (0.03),YES,,YES,,,,,
27651,G,27768,T,117,0.0168,G--T (94.16);  T--A (5.81);  C--A (0.03),YES,YES,YES,YES,,,,YES
28945,T,28975,G,30,0.0087,T--G (94.11);  A--T (5.75);  A--A (0.06);  T--T (0.06);  T--C (0.03),YES,YES,,YES,,,,
27032,T,27086,A,54,0.035,T--A (94.14);  G--C (5.69);  A--C (0.11);  A--A (0.06),YES,YES,YES,YES,,,,
27415,G,27453,C,38,0.0044,G--C (94.34);  A--T (5.63);  G--T (0.03),YES,,YES,,,,,
28727,G,29769,C,1042,0.013,G--C (93.7);  A--T (5.65);  G--- (0.26);  G--T (0.26);  T--C (0.09);  A--- (0.06),YES,YES,YES,,,,,
26891,A,26897,T,6,0.0179,A--T (94.25);  T--G (4.98);  T--A (0.68);  T--T (0.06);  G--C (0.03),YES,YES,YES,YES,YES,,,
25846,A,25903,T,57,0.0053,A--T (94.82);  C--G (4.98);  T--T (0.11);  T--G (0.06);  T--A (0.03),YES,,YES,,,,,
26442,T,27023,A,581,0.015,T--A (94.34);  C--G (5.66),YES,YES,YES,YES,,,,
26130,T,26148,A,18,0.0214,T--A (94.34);  A--T (5.66),YES,YES,YES,YES,,,YES,YES
27415,G,27452,A,37,0.0256,G--C (94.34);  A--T (5.63);  G--T (0.03),YES,,YES,,,,,
26975,T,26986,A,11,0.0065,T--A (94.25);  G--C (5.75),,YES,,,,,,
29567,A,29597,T,30,0.0179,A--T (94.08);  G--C (5.78);  C--T (0.11);  G--T (0.03),,YES,,YES,,,,
27651,G,28728,C,1077,0.0108,G--C (94.16);  T--A (5.81);  C--A (0.03),,YES,YES,YES,,,,YES
28495,T,28508,A,13,0.0342,T--A (94.25);  C--G (5.66);  C--T (0.03);  T--G (0.03);  T--T (0.03),,YES,,YES,YES,YES,YES,YES
27156,A,27164,T,8,0.0447,A--T (94.25);  G--C (5.75),,YES,,,,,,
29688,G,29769,C,81,0.0372,G--C (93.65);  A--T (5.55);  G--T (0.34);  G--- (0.26);  ---- (0.14);  A--- (0.06),,,YES,,,,,
27921,A,27929,T,8,0.044,A--T (94.37);  G--T (4.31);  T--A (1.06);  C--A (0.23);  ---- (0.03),,,,YES,,,,
28879,T,28951,A,72,0.0124,T--A (97.81);  C--G (2.19),,,,,YES,YES,,
28795,A,28828,T,33,0.0196,A--T (96.35);  G--C (3.65),,,,,YES,YES,,
24749,T,24780,A,31,0.0301,T--A (97.08);  C--G (2.92),,,,,YES,YES,,
26528,A,26540,T,12,0.0148,A--T (96.35);  T--G (3.65),,,,,YES,YES,,
24247,A,24274,T,27,0.0291,A--T (97.81);  G--C (2.19),,,,,YES,YES,,
28181,T,28211,A,30,0.0238,T--A (96.3);  A--T (2.96);  C--G (0.74),,,,,YES,YES,,
28188,G,28205,C,17,0.0379,G--C (96.3);  A--T (3.7),,,,,YES,YES,,
25744,A,25773,T,29,0.0486,A--T (97.81);  G--C (2.19),,,,,YES,YES,,
28795,A,28934,T,139,0.0026,A--T (96.35);  G--C (3.65),,,,,YES,,,
28054,C,28083,G,29,0.0451,C--G (98.52);  T--A (1.48),,,,,YES,,,
25474,T,25581,A,107,0.0165,T--A (96.35);  A--T (3.65),,,,,YES,,,
27568,T,27651,G,83,5e-04,T--G (94.89);  A--T (5.11),,,,,YES,,,
28937,C,29041,G,104,0.0336,C--G (94.89);  T--A (5.11),,,,,YES,,,
28347,G,28937,C,590,0.0336,G--C (94.89);  A--T (5.11),,,,,YES,,,
28350,G,28937,C,587,0.0336,G--C (94.89);  A--T (5.11),,,,,YES,,,
25965,A,26025,T,60,0.0054,A--T (95.62);  G--C (4.38),,,,,YES,YES,,
25965,A,26007,T,42,0.0108,A--T (95.62);  G--C (4.38),,,,,YES,YES,YES,YES
28365,A,28828,T,463,0.0431,A--T (96.35);  G--C (3.65),,,,,YES,,,
25150,T,25192,A,42,0.0013,T--A (94.89);  A--T (3.65);  G--C (1.46),,,,,YES,,,
29206,T,29487,A,281,5e-04,T--A (96.35);  C--G (3.65),,,,,YES,YES,,
28459,A,28828,T,369,0.0297,A--T (96.35);  G--C (3.65),,,,,,YES,,
29179,G,29296,C,117,0.0014,G--C (97.81);  A--T (2.19),,,,,,YES,,
28508,A,28645,T,137,0.0271,A--T (96.35);  G--C (3.65),,,,,,YES,,
28508,A,28642,T,134,0.0271,A--T (96.35);  G--C (3.65),,,,,,YES,,
28553,A,28588,T,35,0.0064,A--T (94.89);  G--C (5.11),,,,,,YES,,
26714,T,29631,A,2917,0,T--A (94.89);  C--G (5.11),,,,,,YES,,
28879,T,28950,G,71,0.0032,T--A (97.81);  C--G (2.19),,,,,,YES,,
27432,T,27651,G,219,0.0448,T--G (94.89);  A--T (5.11),,,,,,YES,YES,YES
23983,A,24079,T,96,0.0028,A--T (96.35);  T--A (3.65),,,,,,YES,,
23995,A,24076,T,81,0.0028,A--T (96.35);  G--C (3.65),,,,,,YES,,
23995,A,24046,T,51,0.0028,A--T (96.35);  G--C (3.65),,,,,,YES,,
25410,A,25434,T,24,0.0017,A--T (98.58);  T--A (1.18);  C--G (0.24),,,,,,,YES,YES
25995,T,26118,A,123,0.0013,T--A (95.71);  C--G (4.11);  A--T (0.18),,,,,,,YES,YES
26891,A,26903,T,12,0.0268,A--T (94.81);  T--A (4.95);  A--C (0.24),,,,,,,YES,
24253,A,24327,T,74,0.0201,A--T (95.71);  T--A (4.29),,,,,,,YES,
25959,T,25986,A,27,0.0298,T--A (99.64);  C--G (0.36),,,,,,,,YES
