Position.1.in.non.aligned.Sequence,Nucleotide.1.in.non.aligned.Sequence,Position.2.in.non.aligned.Sequence,Nucleotide.2.in.non.aligned.Sequence,Distance,Per.cent.base.pairing.nt.combination,Position.nt.pair.composition,Mean.gap,Mean.score,Mean.E.value,Mean.substitutions,Mean.power
28495,T,28631,G,136,94.34,T--G (94.28);  C--T (5.66);  C--G (0.03);  T--A (0.03),59.4,2133.7,0.014,12,0.11
28508,A,28921,T,413,94.28,A--T (94.25);  G--A (5.66);  T--C (0.06);  G--C (0.03),324.3,2633.8,0.0137,17.6,0.18
29308,T,29320,A,12,94.19,T--A (94.14);  A--C (5.66);  C--C (0.11);  A--T (0.03);  C--A (0.03);  C--G (0.03),1474,2765.4,6e-04,16.3,0.16
28480,A,28495,T,15,94.31,A--T (94.25);  C--C (5.63);  G--C (0.03);  G--T (0.03);  T--C (0.03);  T--T (0.03),166.9,2436.7,0.0132,17.6,0.18
22928,T,22948,A,20,99.94,T--A (95.11);  C--G (4.74);  G--C (0.09);  C--A (0.06),72.5,3406.4,0.0247,38,0.39
28508,A,28934,T,426,99.94,A--T (94.25);  G--C (5.69);  T--T (0.06),365.3,2461.9,0.0131,16.6,0.16
29637,T,29649,A,12,99.99,T--A (94.27);  C--G (5.7);  C--T (0.03),165.2,1301.3,0.0087,10.6,0.09
26515,T,27023,A,508,100,T--A (94.34);  C--G (5.63);  T--G (0.03),445.8,2060.3,0.0086,12.3,0.11
28907,G,28921,T,14,94.25,G--T (94.2);  A--A (5.66);  G--C (0.06);  T--T (0.06);  T--C (0.03),324.6,2628.3,0.015,18.6,0.19
29688,G,29758,T,70,93.95,G--T (93.92);  A--G (5.56);  G--- (0.29);  G--G (0.17);  A--- (0.03);  G--C (0.03),19,1238.5,0.0491,15,0.14
28507,C,28727,G,220,99.91,C--G (94.05);  T--A (5.86);  C--T (0.09),148.1,2347.1,0.0316,15,0.14
27017,T,27023,A,6,94.2,T--A (94.14);  A--G (5.58);  A--A (0.11);  C--A (0.09);  T--G (0.06);  G--G (0.03),467,1503.7,0.005,20,0.2
28480,A,29035,T,555,94.28,A--T (94.25);  C--A (5.6);  G--A (0.06);  C--T (0.03);  T--A (0.03);  T--T (0.03),447.5,2544.4,0.0366,21.5,0.22
29395,G,29518,C,123,100,G--C (94.05);  A--T (5.92);  G--T (0.03),20.7,2160.8,0.0163,11.7,0.1
27354,A,27699,T,345,100,A--T (94.22);  G--C (5.78),308,2679.8,0.0179,16,0.16
29635,C,29651,G,16,100,C--G (93.36);  A--T (6.56);  T--G (0.08),160.7,1970.6,0.0177,16.6,0.16
27845,C,27857,G,12,94.33,C--G (94.22);  T--C (5.16);  C--T (0.46);  T--A (0.11);  C--- (0.03);  C--C (0.03),-6.5,2586.4,0.0366,29.5,0.3
28480,A,28921,T,441,94.31,A--T (94.22);  C--A (5.63);  G--C (0.06);  A--C (0.03);  T--A (0.03);  T--T (0.03),290,2416.9,0.0382,18,0.18
26690,G,26750,C,60,99.89,G--C (94.11);  C--G (5.58);  A--T (0.09);  T--G (0.09);  T--T (0.06);  A--C (0.03);  G--T (0.03);  T--C (0.03),172,2113.6,0.0123,29,0.3
27651,G,27768,T,117,99.97,G--T (94.16);  T--A (5.81);  C--A (0.03),45,3122.5,0.0168,11,0.09
28945,T,28975,G,30,99.86,T--G (94.11);  A--T (5.75);  A--A (0.06);  T--T (0.06);  T--C (0.03),374,2251.1,0.0087,22,0.23
27032,T,27086,A,54,99.83,T--A (94.14);  G--C (5.69);  A--C (0.11);  A--A (0.06),33.5,1808.9,0.035,19,0.19
27415,G,27453,C,38,100,G--C (94.34);  A--T (5.63);  G--T (0.03),8,2811.3,0.0044,15,0.14
28727,G,29758,T,1031,93.87,G--T (93.78);  A--G (5.65);  G--- (0.31);  G--G (0.09);  T--T (0.09);  A--- (0.06);  G--C (0.03),942.7,1889.7,0.0104,16.7,0.17
28727,G,29769,C,1042,99.66,G--C (93.7);  A--T (5.65);  G--- (0.26);  G--T (0.26);  T--C (0.09);  A--- (0.06),942.7,1869.2,0.013,21,0.21
26891,A,26897,T,6,99.94,A--T (94.25);  T--G (4.98);  T--A (0.68);  T--T (0.06);  G--C (0.03),254.4,2355.6,0.0179,34,0.35
25846,A,25903,T,57,99.89,A--T (94.82);  C--G (4.98);  T--T (0.11);  T--G (0.06);  T--A (0.03),20,2270.9,0.0053,30,0.31
23695,T,24253,A,558,94.65,T--A (94.17);  C--T (4.69);  A--T (0.46);  A--A (0.31);  A--C (0.28);  A--G (0.06);  G--T (0.03),532,2070.1,0.01,29,0.3
24572,T,24577,G,5,94.28,T--G (94.22);  C--A (5.72);  C--G (0.06),-7,1769.2,0.0373,14,0.13
26442,T,27023,A,581,100,T--A (94.34);  C--G (5.66),513.7,1838.5,0.015,10,0.08
26972,T,27023,A,51,94.4,T--A (94.2);  A--G (5.06);  G--G (0.4);  C--G (0.2);  C--A (0.11);  A--A (0.03),478,1540.2,0.0042,25,0.26
29092,T,29140,G,48,94.54,T--G (94.2);  A--A (5.43);  T--A (0.31);  C--G (0.03);  T--T (0.03),-3,1948,0.0448,25,0.26
27613,G,27630,C,17,94.16,G--C (93.77);  A--A (5.61);  G--T (0.37);  A--G (0.23);  A--T (0.03),1214.5,2828,0.0211,32,0.33
29637,T,29688,G,51,92.94,T--G (92.85);  C--A (7.06);  T--A (0.09),169,1041.9,0.0279,11,0.09
29817,T,29824,A,7,99.79,T--A (99.67);  T--- (0.18);  G--C (0.06);  T--G (0.06);  A--G (0.03),-6,2582.6,0.0445,19,0.19
26130,T,26148,A,18,100,T--A (94.34);  A--T (5.66),25,1977.2,0.0214,10,0.08
28321,G,28828,T,507,94.14,G--T (94.03);  A--C (5.83);  A--T (0.09);  G--C (0.03);  T--T (0.03),414,2874.8,0.0052,21,0.21
27415,G,27452,A,37,100,G--C (94.34);  A--T (5.63);  G--T (0.03),0,3034.4,0.0256,15,0.14
